Name,Disc_height,Disc_width,Cup_height,Cup_width,CDR_vertical,CDR_horizontal,Fractal_dimension,Vessel_density,Average_width,Distance_tortuosity,Squared_curvature_tortuosity,Tortuosity_density,Artery_Fractal_dimension,Artery_Vessel_density,Artery_Average_width,Artery_Distance_tortuosity,Artery_Squared_curvature_tortuosity,Artery_Tortuosity_density,Vein_Fractal_dimension,Vein_Vessel_density,Vein_Average_width,Vein_Distance_tortuosity,Vein_Squared_curvature_tortuosity,Vein_Tortuosity_density,Fractal_dimension_zone_b,Vessel_density_zone_b,Average_width_zone_b,Distance_tortuosity_zone_b,Squared_curvature_tortuosity_zone_b,Tortuosity_density_zone_b,Artery_Fractal_dimension_zone_b,Artery_Vessel_density_zone_b,Artery_Average_width_zone_b,Artery_Distance_tortuosity_zone_b,Artery_Squared_curvature_tortuosity_zone_b,Artery_Tortuosity_density_zone_b,CRAE_Hubbard_zone_b,CRAE_Knudtson_zone_b,Vein_Fractal_dimension_zone_b,Vein_Vessel_density_zone_b,Vein_Average_width_zone_b,Vein_Distance_tortuosity_zone_b,Vein_Squared_curvature_tortuosity_zone_b,Vein_Tortuosity_density_zone_b,CRVE_Hubbard_zone_b,CRVE_Knudtson_zone_b,AVR_Hubbard_zone_b,AVR_Knudtson_zone_b,Fractal_dimension_zone_c,Vessel_density_zone_c,Average_width_zone_c,Distance_tortuosity_zone_c,Squared_curvature_tortuosity_zone_c,Tortuosity_density_zone_c,Artery_Fractal_dimension_zone_c,Artery_Vessel_density_zone_c,Artery_Average_width_zone_c,Artery_Distance_tortuosity_zone_c,Artery_Squared_curvature_tortuosity_zone_c,Artery_Tortuosity_density_zone_c,CRAE_Hubbard_zone_c,CRAE_Knudtson_zone_c,Vein_Fractal_dimension_zone_c,Vein_Vessel_density_zone_c,Vein_Average_width_zone_c,Vein_Distance_tortuosity_zone_c,Vein_Squared_curvature_tortuosity_zone_c,Vein_Tortuosity_density_zone_c,CRVE_Hubbard_zone_c,CRVE_Knudtson_zone_c,AVR_Hubbard_zone_c,AVR_Knudtson_zone_c
test_100_D.png,2455.666666666667,2243.666666666667,989.3333333333334,971.6666666666669,0.4028776978417266,0.4330708661417323,1.3939444438102584,0.0561735341643582,107.60292008864556,4.260873778965171,27.732424304822736,0.7069456261117033,1.2138416785955155,0.0202886945983379,94.64285714285714,7.4001792181797565,127.910166017365,0.835878320228003,1.2444387907550962,0.030195589027393,117.1326117564238,1.3340167147576096,3.348278158085056,0.7855784788172968,1.1383116872634695,0.0080950388581101,122.37620027434843,3.6818830674408334,4.168133655422497,0.7820991073534052,0.9711657270414704,0.0028782894736842,85.44242424242424,7.986410866440136,61.75763125759139,0.888057260715699,190.00610433168185,167.64704560301638,0.985463802675248,0.0046528739612188,131.988416988417,1.1255401419955833,0.5234769146751703,0.7701447444546371,256.52335433353045,283.59486040838624,0.7406970988093224,0.591149802085972,1.2816275279620406,0.0217627058325638,114.74141849061118,5.18531783327342,44.69610630695449,0.7143898621725162,1.1444328563705557,0.0075828620344721,92.77574243685818,12.429943416287518,208.7148521513913,0.8708401918855083,193.28641543952645,170.88927999186183,1.1566674884344614,0.0129895737149892,121.96208732694356,1.938209292696495,5.381897738123061,0.8374963993374787,272.8903648714766,300.2729275368757,0.708293294014095,0.5691131777801559
test_105_G.png,2597.0,2561.666666666667,1413.3333333333337,1484.0,0.54421768707483,0.5793103448275863,1.446622135787348,0.0638020833333333,97.6783704938529,8.196906047889122,62.686974759245736,0.6668309551799614,1.2248070700530111,0.0235697522314558,100.2133487654321,18.70607401528006,448.216774782938,0.7668269507962501,1.2883364879728565,0.036160164666051,109.51003022808464,6.407816562674539,19.458391587281312,0.7530123126566428,1.1706355284047076,0.009374278624192,108.71902131018156,3.1142376746718288,12.62276549393978,0.6261973701308928,0.9972446045602744,0.0043823580332409,107.14642262895175,1.2017906436325538,1.3603915302965133,0.756309112276088,216.09201996356543,190.85147374739844,0.983902252690129,0.0047502596952908,119.5222602739726,5.789072441445209,34.93673897922847,0.6752458803953472,309.12202202708755,338.36625171843366,0.6990508749474662,0.5640381473570024,1.2959131324611108,0.027477204524469,106.27902079494604,3.492778184130633,6.907249252396912,0.6678482425257944,1.0960137980995823,0.0107893775007694,100.85284139100932,6.345502630954501,43.29569556361847,0.7621266094713022,237.9853891097589,210.5865659797488,1.1673763711066043,0.015481927131425,122.04595851216024,4.64937657545005,21.11934676809908,0.7528707942549424,348.80489670766667,386.5002420733378,0.6822879820669904,0.5448549394175808
test_106_G.png,2753.263157894737,2435.5789473684213,1341.3333333333337,1323.6842105263158,0.4871794871794871,0.5434782608695652,1.454651553028948,0.0771799976915974,115.10391033970174,3.432192018478011,27.33844237751595,0.7460016976502073,1.2509447998489591,0.0323056132656201,120.73114303069283,1.2210061692918264,1.3748529096827138,0.8347254850893111,1.3102287969198914,0.0434905451677439,120.89030852078122,4.2787366806310665,60.5341310183356,0.7760003180586202,1.2031043896400009,0.0115925092336103,131.30620532813515,1.3307479594698457,3.062110207692497,0.6725702189899885,0.953913025921309,0.0045290377808556,145.798784241305,1.2099938606362135,1.3758430583671872,0.9204220400540948,270.0722076247276,238.35380925847005,1.03205111938386,0.0067677073714989,159.20979532163744,1.1786424792336014,1.6954080415786834,0.8292561232428911,338.84230537074745,376.138185971279,0.7970439444662187,0.6336868155063368,1.3078880477685773,0.0350095702523853,124.95132677304738,2.5555361435795843,4.285735945946355,0.7117809248096124,1.0865699433172962,0.0136869036626654,129.20746883285386,1.257743678513077,2.2984842181118905,0.8161934744851086,291.2017979206351,260.3282935621672,1.161212272967637,0.0208044783010156,136.400366705061,1.1496877255831317,1.1744089929991592,0.7670482505220361,347.73264868271366,386.1074077535379,0.8374301320965126,0.6742380185783466
test_107_G.png,2715.2631578947367,2680.0,1569.2105263157896,1675.0,0.577922077922078,0.625,1.5130229602244327,0.0832046879809172,94.86809369092144,3.507867444803519,18.96432910906195,0.6866175482969457,1.299683795557604,0.0361962334564481,108.26357654282556,6.85051122004602,55.19927160298303,0.7850987230936809,1.3579064577686168,0.0488599857648507,106.07398028750632,4.668635682688303,59.89693457988424,0.702355615100603,1.2502845381516277,0.0117283683441058,104.24003189792664,1.7205872778934443,4.3286610638980285,0.6620351923671035,1.0543790732798173,0.0057577812403816,115.66798846431148,1.762400005430239,8.27737778064078,0.6963011143689277,269.778725070778,242.0406410688402,1.0649353260661911,0.0062014273622653,108.78431125661044,2.207011190978501,8.050157616838124,0.735881612930658,285.7422794227623,309.30382230951466,0.9441330335005628,0.7825336242583985,1.3528049623406488,0.034654893813481,99.9631454718622,4.483908572363573,38.36301651200938,0.7179914646807212,1.126143949788624,0.0151777469990766,113.04268797947128,5.266500005266985,53.126034631537465,0.710518569214246,291.0552314651065,260.5932665541571,1.1879808629882191,0.0200782933210218,112.94490541659096,4.54822924740243,91.570736692498,0.792430579650634,368.6198698613735,409.6106624551096,0.7895809620207488,0.6361974685722842
test_109_G.png,2475.789473684211,2175.1578947368425,1803.7894736842104,1379.3684210526317,0.7285714285714285,0.6341463414634146,1.476612766254438,0.0727988419513696,99.20131066967028,2.240519056063597,41.546203190020094,0.6435966341245046,1.2592579893757236,0.0293431632810095,101.84068950100594,6.885436205679827,123.28660683726687,0.6737579411865957,1.3339532170999238,0.0424457525392428,103.05767058782646,1.7304026544360172,5.044487111738484,0.7446234412149937,1.0912694603671664,0.0102363227146814,109.66013723310462,3.0490111471726573,9.416080408067398,0.6081642587555168,0.9014535673122556,0.0045146102646968,102.79289555157244,1.321533549380477,3.484640454003268,0.5845592019297199,247.694126235042,222.6275633501249,0.9378554137997568,0.0056327427670052,118.6970291057156,2.8126318324489867,13.772596355239932,0.6429969857059942,296.2301517201232,327.43783665149743,0.8361543374189074,0.6799078738938609,1.3208245024727587,0.0311718509541397,108.54605263157896,2.014268054598624,13.553765608923694,0.6532143225895077,1.1145993120721682,0.0132685056940597,104.0869052631579,9.802779895621876,23.77311518201961,0.7093890068053712,250.06475753880588,225.4285039159332,1.1643779686768023,0.0175270275469375,113.02078958905376,1.105855682283946,0.3940846423263889,0.7105610989411166,306.2981563198374,339.1426289164694,0.8164096073686045,0.6647011749485969
test_110_G.png,2634.947368421053,1962.9473684210527,1821.4736842105265,1397.0526315789475,0.6912751677852349,0.7117117117117117,1.4468636726779924,0.0614335660972606,91.43075030488292,4.5749113817611935,18.894669800855866,0.7490476906717174,1.2350190064104094,0.0222784895352416,96.0118432618317,8.079515399527205,77.66133710402227,0.6867292559309205,1.3147659092634958,0.0374935076177285,97.62473097241246,5.355651110932104,32.205845369467504,0.825333652824638,1.2307549221915148,0.0102435364727608,107.23805956171569,1.4707864598579028,3.6641265420437454,0.7262300045652452,1.0105371600039212,0.0037487496152662,104.8276966179708,4.674771448485716,13.242294662574237,0.7488925030526834,222.49067568723677,196.5999682836237,1.1264450615857482,0.0065561038011695,107.625,1.242412373855429,2.003819122080689,0.8045189231831864,268.35209453497697,291.8725992994641,0.8290998289869407,0.6735814487399354,1.2964503215047896,0.0253142793936595,98.42480904879169,3.872661623732011,47.06127164311258,0.8055225205927488,1.1094134248301597,0.0097061114958448,95.81518897915932,9.562365194611232,169.57547776526692,0.7282730923134892,227.0897677610439,202.7163188736085,1.1629413409628893,0.0149312769313634,107.70976484861,1.1141646011246993,0.5801828043217505,0.7836279954612417,291.85042766092147,318.86411318170383,0.7781032550854509,0.6357451669642459
test_115_G.png,2405.0526315789475,2210.5263157894738,1273.2631578947369,1149.4736842105265,0.5294117647058824,0.52,1.4417667484612695,0.0583556959833795,88.442918734239,2.300305156064073,11.631143215811395,0.6988485106403499,1.17220271833958,0.0205123210987996,96.57820607857674,3.970003036503886,65.31985758053689,0.8309096796210909,1.3261867722717702,0.0397081313481071,102.61005289048342,2.8875657740712923,17.770459155142404,0.6949672833152716,1.1849609537804455,0.0077752289165897,95.78206823591644,3.372895680565531,7.640323766537836,0.6341407284004402,0.9573444344071056,0.0031500076946752,95.72857764245325,1.3031828397971783,2.4633694852097707,0.7145970573310008,199.52809518964943,175.56890275968493,1.04198246010546,0.0048933325638658,109.71758664955073,1.3423231916496023,1.1012568901785218,0.465930824900257,266.32064365289534,289.7276365578812,0.7492025118777542,0.6059791355962347,1.2709388428206023,0.0216773430286241,96.62009569377992,2.8333946939991184,15.46057706508054,0.6795822438131114,1.0604374863520505,0.0092107667743921,99.83694682542762,2.913639648009821,6.851235566685594,0.8275663924192638,240.0255309883359,212.6196673562766,1.1259573486484422,0.0140223434133579,113.6995299715662,3.9767372332163946,8.278194009900949,0.5779431311534633,314.01520285418485,348.15609747709243,0.7643755105060739,0.6107021215397967
test_117_G.png,2591.842105263158,2362.6315789473683,1675.0,1481.0526315789473,0.6462585034013606,0.6268656716417911,1.423859768222804,0.0532651873653431,88.18377084051289,5.994112373009069,94.39317547606572,0.7446846762940271,1.1869796591733368,0.018809874192059,97.26588597728454,9.557607696372608,301.73809130307814,0.7807121530896002,1.2834616527924363,0.0332698522622345,101.14035087719296,4.415441765270641,6.026485433571279,0.748676602992706,1.118424753302066,0.0082669667590027,94.86286137879912,1.0683252707873858,0.252100766721787,0.5876940534781541,1.0224809945888282,0.0041635407048322,97.38143204902208,1.1048152828180675,0.7862289780763656,0.6918361050500657,245.18096409341467,214.95340439895455,0.9038351439139218,0.0042416897506925,116.9252077562327,1.053062000634378,0.0596284793999944,0.5112113299205823,255.8654441388246,276.31403883496483,0.9582418013445658,0.777931535094171,1.2658333757874252,0.021154345567867,93.41392098131509,4.276777014888948,7.245685313943556,0.6986054690069353,1.094762658002127,0.0093574465220067,94.76973684210526,1.0899630607744204,0.6688614651171397,0.8047320727014204,229.01893417808387,200.23815423815864,1.079877193346224,0.0123535607109879,116.88030560271646,3.227796787444834,7.484429066091478,0.7253784019697189,298.22967189252296,328.5661214551568,0.7679280627067132,0.6094303129955759
test_118_G.png,2508.666666666667,2561.666666666667,1183.6666666666667,1272.0,0.4718309859154929,0.496551724137931,1.5045952378807037,0.080782067559249,96.38058893580168,2.4074359505112266,10.137636010101458,0.658447684298688,1.286200433722504,0.0334610168513388,101.77623680397434,1.269280580517448,3.9869829806456822,0.6512158947167814,1.3557483721192995,0.0425190924130501,99.18743715933746,4.377407387906186,21.44438520704475,0.7623619784965097,1.2677828841657734,0.0125363092489996,103.72203453453452,3.025609660622992,13.910367536728952,0.6181840256450672,1.0315654214380618,0.0048163858110187,101.97790585975024,1.1582466504139062,1.6949843550589485,0.6313775666500965,238.50582450195105,214.70671169283312,1.1303144196213897,0.0069480513234841,101.18500165180048,4.419654732175576,12.902677947352196,0.7013016262823681,315.5052958000568,346.6909823564241,0.7559487199641108,0.6193028449528539,1.354295168725579,0.0328153855032317,103.76457929847211,3.16352108629976,16.874018723901656,0.6336541273960281,1.1619587748144182,0.0148819829178208,105.7948717948718,1.474047160895938,4.275206252976364,0.5695907868388873,261.2563085109585,234.7161443594129,1.1886418691779184,0.0164497730070791,102.81383808308524,6.417202562905111,26.987104116622657,0.7212954658093139,317.22751464509406,350.0864330103022,0.8235613130949416,0.6704519862170888
test_11_A.png,2486.0526315789475,2433.157894736842,952.1052631578948,863.9473684210526,0.3829787234042553,0.3550724637681159,1.4030022153495876,0.0588546475838719,109.01870059764798,3.817673267496254,11.977657060559896,0.6447519980678406,1.1771737538611362,0.0200614612188365,94.8727914594613,12.770197351909232,159.11700603356752,0.7753964831928628,1.2218041184826114,0.0282803362573099,121.0183834257368,3.840590682961921,7.65014218297441,0.7712758187176998,1.0761540071069438,0.0078185114650661,135.6901276860791,1.524497016438019,3.0977651945816973,0.5729571384092661,0.9018394470176536,0.0020667416897506,99.04798761609906,1.068143013998712,0.0715541752799932,0.7299842315613467,-1.0,-1.0,0.917155104926896,0.0043390754847645,140.46880446148484,1.0994543465389828,0.6115072452204899,0.7169555565438513,272.15523718623166,294.8976442083431,-0.0036743735315874,-0.0033910070820827,1.2293380848471889,0.0236178439519852,124.4537322465344,4.203697939130524,3.8387639243877465,0.7027843151887952,0.9997972822672004,0.0077608014004309,104.89570700945912,1.0970254879256285,1.4276738325867724,0.829626842227506,225.00080115004735,201.04727086023968,1.0375231117331856,0.0111428516466605,136.28813484921645,2.673126704346342,3.762817394229692,0.658639816721794,295.73407237747733,324.6745493358054,0.7608213667813514,0.6192270729920991
test_12_A.png,2508.666666666667,2349.666666666667,1236.6666666666667,1148.3333333333337,0.4929577464788732,0.4887218045112781,1.4514320742057532,0.070307690827947,104.52360717658168,4.051741561575492,24.39673802739156,0.7020446857609336,1.2374048092996055,0.0273545706371191,96.87924801156906,13.695198291939407,391.7297462047007,0.7191405956211492,1.2917249297538698,0.037926333102493,111.1477861986438,5.982665596873923,34.68826726027685,0.7524842166482223,1.0530407674039748,0.0098684210526315,129.4714285714286,3.848449082168543,13.333934746116526,0.6954376757772143,0.8994263253109334,0.0038749903816558,119.12064156206416,1.092675822288886,0.1502798368240538,0.6517316252477676,274.12743399934953,243.734457887656,0.9820354715809344,0.0058587738534933,140.2111834961998,6.8507191506879686,11.731248590395232,0.5910834809884942,326.0693893325777,359.4042135584889,0.8407027552032814,0.6781624941856478,1.267192976977268,0.0280843624961526,119.68551817478732,6.730547170858571,20.346791840881327,0.742152679147511,1.0477389370207288,0.0106787665435518,107.69755204758636,6.61727476091866,59.47632262224846,0.66459410148007,301.5883434832936,270.5145848573949,1.1118658145121731,0.0156165839489073,128.62798953662184,3.5246921009499554,7.799909360836207,0.6175578003994251,349.354310570735,388.1138722240095,0.8632735717231974,0.6969979797611067
test_13_A.png,-1.0,-1.0,-1.0,-1.0,-1.0,-1.0,1.471642634394719,0.0757071887503847,107.09013605442178,2.658663457364594,29.347596719518428,0.6670437379654949,1.2868302825126388,0.0271056959833795,89.22379032258065,3.795491250136186,19.84935628577589,0.686477296888104,1.2926439765424032,0.0365545167743921,107.81560283687944,2.414192856350155,19.45932484160349,0.7499257239683143,,,,,,,,,,,,,,,,,,,,,,,,,,,,,,,,,,,,,,,,,,,,,,,,
test_14_A.png,2274.4736842105262,2256.842105263158,863.9473684210526,952.1052631578948,0.3798449612403101,0.421875,1.4657005185797374,0.0746419571406586,104.53837415619078,4.107699238615361,43.63957290285959,0.6994418950997119,1.2630344638821047,0.0263266101108033,90.50133244503664,7.904004194066626,101.92941992285182,0.7765704036194866,1.308621852419015,0.0372903200984918,101.51495315232576,1.5509332102897624,3.1191965295333226,0.6971234213222536,1.1582633500607042,0.008995556325023,117.6801727780647,1.3157915822555004,2.567104689145165,0.6261542409427905,0.9250853498275964,0.0028301977531548,92.43816668620326,1.1066988520645336,0.4491819123274192,0.5925575196408529,215.68095529151725,191.98602672779333,1.0204942325255442,0.0045037896275777,114.86590389016018,1.1341630523484825,0.4000816780774085,0.5327955463269773,296.0734024225935,323.61833497515374,0.7284712288463859,0.5932482989337836,1.3513520592198998,0.0284161953678054,117.88468696493707,1.885354985678296,8.143763692804118,0.6185265149031425,1.1468107374913492,0.0107244536780547,92.18856049855,2.5193209872647806,8.637867284341791,0.6559765822354501,226.9558890778364,203.25896077252764,1.2394434993675605,0.0132324369036626,118.10904314956596,1.134737153318729,1.1625820940520708,0.682965169222867,324.46009695580875,356.65940841009893,0.699487829804685,0.5698965342835248
test_159_N.png,2473.333333333333,2438.0,1148.3333333333337,1148.3333333333337,0.4642857142857143,0.4710144927536231,1.476763893835137,0.0748475492459218,100.67929940192847,2.5735183166397944,19.19869328073459,0.6486516684941067,1.2625809716301275,0.0291532009849184,115.18723671237788,1.5751904885511936,4.55041429208607,0.7463818000702802,1.3206176855991771,0.0398992959372114,104.56322454075264,4.827377636953283,54.78874013821088,0.7769918434207179,1.2504648663097342,0.012092663127116,110.23035566583954,1.6021270447611542,3.4175081336242368,0.6306390411520912,1.052930253816163,0.0058587738534933,119.56898148148149,1.221545668499192,1.405386474723903,0.6353097017008755,274.5924334834363,244.5831315666893,1.0983375210274742,0.006497191443521,105.02823615694903,1.0801253692673412,0.4273107400350207,0.6006825582343139,277.3421595830343,303.288892421405,0.9900854377721297,0.8064361659076292,1.3312735366444717,0.0302893678824253,107.74057935931576,3.668743706677631,21.93008654074306,0.6717099028883688,1.1300381439727407,0.0139117324561403,118.71138211382114,1.7930247368383192,2.2215723317085003,0.757989308009389,299.1326359058701,267.8470822240156,1.1690541730552166,0.0162285510926438,108.39303030303032,6.213382768592258,21.31483978867337,0.7213524007286586,305.6507098998277,337.1860877599776,0.9786747624564855,0.7943598266565487
test_15_A.png,2296.666666666667,2279.0,954.0,989.3333333333334,0.4153846153846154,0.4341085271317829,1.4348294301254687,0.0662283106340412,105.48106799624252,4.551895517028068,61.54232892648695,0.7181103923972392,1.2293534201699226,0.0237885695598645,98.49328449328448,8.758580675023255,61.99322336498302,0.7678857459069854,1.2912308934995789,0.0357598010926438,103.03130718954247,2.8749408071664897,14.039625896583257,0.8023505396292997,1.1127505642181306,0.0079820233148661,129.4580573951435,1.3665852398736078,2.522114472647292,0.5210392983402458,0.8749668344977589,0.0025440520160049,112.26026026026028,1.1022956654457032,0.4717886317058497,0.5591126855693163,219.78590690045343,195.62679780541424,1.0010670001446438,0.0045242286088027,123.56815365551428,1.7570932090886973,5.440554590482812,0.6834424063029744,315.0632640063717,336.77585356738865,0.6975929345288842,0.5808813064629927,1.3247057241610254,0.0260597010618651,119.70146920912786,1.9778147625790643,10.14332704798544,0.6542991945074765,1.1165287897243146,0.0099790320098491,102.6844070961718,1.1671320727254288,0.7744663543709351,0.6988224870099009,232.07704848081403,207.6043590084016,1.2373248589927155,0.0134284106648199,119.1539855072464,3.5321626954553795,17.24904593757803,0.8667570151594787,345.16630151509827,375.4867001250369,0.6723629956404146,0.55289404109192
test_166_N.png,2526.333333333333,2491.0,1077.6666666666667,1113.0,0.4265734265734265,0.4468085106382978,1.464434144420359,0.0742596279624499,105.81668606154642,4.706958131221641,33.98020850658122,0.6572306899815501,1.2403135855614091,0.0330630578639581,120.85406301824212,5.380432401965464,37.35447343951322,0.7022630252205609,1.281141512653337,0.0322875788704216,105.50107479060117,4.487366055786666,54.87993656920263,0.716706554605249,1.150227769102905,0.0119002962449984,128.48248836639726,1.2484929159657754,1.3670036742678686,0.5649235566516235,1.0292655253595226,0.0055137157586949,136.62619449128724,1.4226857811015532,1.736518582953154,0.546707350921484,272.53129034645417,243.5927676320437,1.0362019281915131,0.0059705871037242,134.35324144971926,1.091334653070419,0.436777474721457,0.6624264055114636,295.4145523793896,326.534778852545,0.9225384739897738,0.7459933318222257,1.2686277023804453,0.0281901642813173,124.24425114977008,5.088594452915911,18.57798789488662,0.6495714046014119,1.0737754827511845,0.0127419013542628,135.0875420875421,5.733872280780209,34.94567847338962,0.6334011177199392,290.89830177263343,259.61616117532776,1.0929872898980224,0.0128909856879039,118.98366834170857,1.366923431111351,7.171046343780905,0.7795347698289956,292.30113461637654,323.45444703427023,0.9952007273403704,0.8026359308265167
test_16_A.png,2491.0,2208.333333333333,936.3333333333334,954.0,0.375886524822695,0.432,1.431110537654598,0.0701586064943059,120.67431425338484,4.745878675454273,25.69794338397958,0.6660501099358291,1.1991810908671858,0.0220428401046475,95.0133959127799,4.245175229190911,21.967617088986795,0.6710697700029766,1.266078953382143,0.0323284568328716,116.28861689106488,2.74042758721563,71.48114806506376,0.785800445957569,1.1785253706207537,0.0100271237303785,128.7937062937063,1.100871596947061,0.6469194235349562,0.6495254079009071,0.9320807733336812,0.0029684614496768,107.435960591133,1.0770780936418152,0.0894427190999915,0.6095842296059408,196.9457594016941,173.64874279061095,1.0140321779116372,0.0047442482302246,143.73745704467353,1.0725120258518734,0.249334671129024,0.7871900330102113,282.2127535581974,309.90923414443427,0.6978627185290558,0.5603212930069755,1.3343601864073271,0.02722111611265,131.35993431855502,4.931162367304935,26.4312603970096,0.7322961706042088,1.126406824036878,0.0078004770698676,110.95966440787352,1.2039241638105678,1.1744008249054458,0.6820694136832254,239.2194209314511,214.1679043824841,1.1710790452386244,0.0133202042936288,126.52165481577248,6.1198425337519184,143.52912009194122,0.7837939858580738,279.0570497687115,305.2578999952078,0.8572419909467305,0.7015965987640165
test_171_N.png,2720.666666666667,2526.333333333333,1113.0,1077.6666666666667,0.4090909090909091,0.4265734265734265,1.513405053909621,0.0845067713142505,98.20900558894866,3.289553039863584,27.018195516266065,0.6657111336915329,1.3179335795533056,0.0434075869498307,120.87120207188428,2.4942333025881824,7.064088583907116,0.7139030388556633,1.3718955541089708,0.0484079235918744,105.692867756315,6.702808312720329,48.489475780779365,0.7707198952997409,1.1179319515070916,0.0120073003231763,117.07830126078302,6.636678315960763,16.17931907964958,0.6828000084146487,0.9310960316101844,0.0062386984456755,135.40965041851305,7.335751355239516,12.821468368017282,0.8622968213053207,289.06007267221673,258.4367240843862,1.013208899623909,0.0067039858417974,128.9389179755672,6.355978010694847,7.016806179349925,0.7474861349879478,291.17139242553014,319.8779465290252,0.992748876406691,0.8079229183776697,1.318217363980057,0.0313666224222837,111.3029863962006,5.521391381227168,35.46936256170111,0.662971375359667,1.1117088289029082,0.0148891966759002,126.61111111111111,6.879765884702334,7.0327685418880055,0.7908495201568424,302.0515775903842,270.3123418068394,1.1645669300702348,0.0183337661588181,123.01324200913244,6.036052740065839,23.668358253252475,0.7178629136734425,307.9405682003141,340.11448996324026,0.9808762104832544,0.7947686728549992
test_17_A.png,2192.842105263158,2157.4736842105267,1096.421052631579,1149.4736842105265,0.5,0.5327868852459017,1.4594686413032767,0.0653121633579563,95.35080579861564,1.796624954260539,17.39437861437177,0.6809460737258198,1.242677123441107,0.0267281759772237,99.5033369300244,3.806482654798703,87.28088299649693,0.6798594689543902,1.3238427027141495,0.0391382444598337,100.85390771954414,3.1243653984851165,9.971687626901796,0.7215172045203847,1.1505375120435946,0.0079988554170514,106.56979405034326,1.3290279217572134,2.324742345931309,0.6022844294180786,0.9385898050646492,0.0033207333025546,101.54633986212934,1.07455972601474,0.1174896684026393,0.5675509697718504,209.1772642256805,185.05393186030892,0.9983277876319764,0.0047418436441982,123.6640537513998,2.4891561392728128,6.908963200962164,0.6636905390493155,288.59653720917294,316.9248430199139,0.7248086420180092,0.5839047835346917,1.3262295867732206,0.0217783356417359,101.9840144774544,3.351669259963916,43.37178388364446,0.6084518851742298,1.131328235152737,0.0096399853801169,97.4515463917526,1.5493657598656152,5.827942490006073,0.6907399436736337,221.4317757593816,196.0511507026918,1.228603737124965,0.0125122633887349,114.23934137018526,4.083206330500869,15.006567582973236,0.631135395876177,290.6969156745632,318.0349124205392,0.7617272967810765,0.6164453745362786
test_1_A.png,2564.2105263157896,2334.3157894736846,1149.4736842105265,1184.842105263158,0.4482758620689655,0.5075757575757576,1.494642058213543,0.0850742536164973,109.70846368947092,2.91052141020515,18.674760733235125,0.7164584338024274,1.2816492185398345,0.0354387888581101,117.32158214577632,4.526316649579185,22.615093771085853,0.7227110000246172,1.335354039881344,0.0465491785934133,120.71219657041053,5.230158138198027,33.578285816474185,0.8000151570090279,1.2204080425924035,0.011063500307787,122.07809847198644,5.017458223150311,27.250508605546862,0.7280839575850608,0.9569041021806692,0.0040986168821175,138.90662139219015,1.3111264615346778,1.8178337966276208,0.6985695895566304,277.28933690481136,246.28028426157337,1.0960126598713016,0.0066546918282548,123.58851674641149,6.884922044263577,47.0189931225716,0.7707467870255283,292.4886330218587,322.6320949799476,0.948034575019155,0.7633471315892498,1.3085110410814973,0.0304709141274238,116.68540265007744,2.359246498362129,5.535393075266041,0.7340526528063207,1.1165404102511114,0.0129102223761157,119.05520541164826,2.4486588565323,8.104707626879614,0.7839667405842232,305.8765508989796,274.26956677805407,1.1519350483696087,0.0168729801477377,128.99179341284605,2.986579690722185,9.979587723618607,0.7579502391694113,322.4599281937335,358.9659843136281,0.9485722849730628,0.7640544752519646
test_52_D.png,2327.368421052632,2151.0526315789475,1287.1052631578948,1234.2105263157896,0.553030303030303,0.5737704918032787,1.2889786453161836,0.0278607359956909,83.72470880069025,3.0969990299886865,14.3063078026485,0.7709772059507403,0.8591651630468596,0.0019982109879963,64.54555993508,1.0974259944032552,0.1118033988749895,0.2463448476419754,1.1930487988097185,0.0210389254385964,99.27123552123552,2.88850557577404,24.531896458709166,0.8128118605501047,0.9782132811534024,0.0026486515081563,88.47919913679415,1.0884150538199953,0.0774569820196607,0.7932926968145808,0.7417056645815988,0.0003234168205601,77.75237273511648,1.077468770060107,0.1788854381999831,0.9641668892805604,-1.0,-1.0,0.8768663382381031,0.0020835737919359,118.8930985050174,1.0702526465847535,0.1337310042259521,0.7381011351310166,-1.0,-1.0,1.0,1.0,1.1312153339449451,0.0086973876577408,84.35637705374546,2.701591386907314,27.6390649879783,0.786401638684408,0.8247658767808574,0.001029162819329,79.85519353940407,1.085768770607178,0.0447213595499957,0.4884445672920118,-1.0,-1.0,1.0346359480539071,0.00699854763004,105.58993935455923,4.440487487601112,54.07937188831128,0.851177517025293,250.93873852528185,268.42539042410345,-0.0039850363713343,-0.0037254299916264
test_54_D.png,2882.5263157894738,2599.5789473684213,1184.842105263158,1061.0526315789475,0.4110429447852761,0.4081632653061224,1.4940863364516273,0.0773723645737149,92.56199139573212,4.068072797747475,19.81046541633004,0.6805784727912585,1.293877715109758,0.0322046206525084,91.9071135347099,8.834457400579455,107.71043641290385,0.7524117463774619,1.340673166116751,0.0411592990150815,95.39887537943504,2.2789313580377595,7.6296913681129634,0.7107247497547815,1.1178666462813982,0.0099634022006771,117.52129320896468,1.1434748338878788,0.6113517247153467,0.7311727062206634,0.9128860111772884,0.004080582486919,107.75621279410376,1.2977999901329107,5.991678630208844,0.7984320475693655,232.21659345004645,205.94853641885197,0.996108756378374,0.0055269409818405,118.16034271725827,1.1088038124109536,0.956122914848636,0.7151690461848851,269.5531355840635,293.90629887651227,0.861487264642213,0.7007285560265699,1.2758930725811664,0.0273894371345029,105.54466858789628,1.2038842573480193,1.4346757559797918,0.6340516354362491,1.109067513003316,0.012487015235457,98.37611704676796,1.4935016170771005,5.966791806891552,0.7685929056795624,271.2159048585649,242.469967078167,1.125068668092417,0.0142387561557402,111.2827339336652,1.2343997001418086,1.6509370617588233,0.7169700451626102,294.3150182324575,324.54901138519244,0.9215156823711648,0.7470981533522234
test_58_D.png,2849.982456140351,2672.9649122807023,1009.0,973.5964912280702,0.3540372670807453,0.3642384105960264,1.4165630220283023,0.0563562827023699,100.07864372062711,2.82912508749768,5.449540705562801,0.637488489807157,1.2216053147379455,0.0220596722068328,91.0546087675033,2.717465044706683,15.863702275025863,0.6041891620753547,1.269315735624405,0.0325544879193598,110.90013963645812,2.5449429334448275,2.8739948888435043,0.7648639878808102,1.109242218433563,0.0097301573561095,96.27708215431052,2.822798872189247,4.611317535610492,0.5467878526951429,0.9244590141486788,0.0042020140812557,90.8482108354587,1.1108117878481003,0.4932407690659307,0.552652080505559,210.8107645747975,187.91271163245443,0.9563609632781038,0.0047093817328408,108.17125106056876,1.0708420658711757,0.0298142396999972,0.5488802015289275,255.68482532351615,277.6810501172309,0.8244946265702713,0.6767214095204617,1.2807252964593887,0.0245255751769775,100.64049267538972,5.537526069562591,11.663135614751129,0.6352953824103679,1.1076721106855267,0.0105164569867651,91.89154042375972,4.451296445011419,27.383530298145857,0.5601756896464603,219.71224361704645,194.90391340369305,1.100948389262613,0.0133190020006155,118.84850611376928,3.976159940019975,4.533645377039751,0.6016406750241403,287.03497392847027,314.66383034570646,0.7654546085795079,0.6194036130227017
test_59_D.png,2405.0526315789475,2281.263157894737,1096.421052631579,954.9473684210528,0.4558823529411764,0.4186046511627907,1.454846151608187,0.067517168744229,103.8473502589476,3.809506344136973,14.259936432173731,0.7338336061719253,1.2320697349203378,0.0235817751615881,89.76659038901603,10.502524396986969,55.33380992859304,0.7794138937215687,1.262039722843714,0.0313894659895352,109.38151348520556,2.1790963276065645,9.540486758306097,0.8136369866367944,1.1352030110730886,0.0073436057248384,114.90974244120945,1.2622486978387102,2.6502189944045287,0.5695500291349979,0.9445399575897656,0.0024093951985226,88.59789473684211,1.1089476072541289,0.7436120882483641,0.7137254637641344,188.1653856825495,163.542645721248,0.8683901887723406,0.0027183845029239,130.66666666666669,1.086438954672943,0.2229038834488635,0.6419886875149458,243.9274651701,256.980749314363,0.7713989302161385,0.6364003769060043,1.25966572491564,0.0215715412434595,108.14250349800884,2.2391414280284647,11.219458098449952,0.7010807361682059,1.1333931024800643,0.0067328408741151,90.60528723455484,1.1044318248242342,0.9563313062888922,0.7579611217303843,216.7611017418444,191.28966167508295,1.0748632031822152,0.0093995267774699,120.22187643020597,3.7314017359664007,23.97482042220254,0.8231504053559633,298.25586246418976,323.84465272466883,0.7267622502067999,0.5906834034950595
test_60_D.png,2402.666666666667,2120.0,583.0,636.0,0.2426470588235294,0.3,1.42687006863783,0.0618531663588796,103.05922818157768,4.775017425051433,28.345045691089005,0.6929374430517723,1.2114213339761457,0.0220753020160049,89.18825038951518,9.184754217902492,69.40383273203132,0.7980983550316402,1.268496133280974,0.026847202985534,100.92009891702908,2.2738078238352686,15.29313025124563,0.7692992011991502,1.1426544800325198,0.0078810307017543,132.04675028506273,3.9423590701149673,27.79338882886917,0.6414399028079965,0.8731059248183574,0.0023480782548476,122.7864768683274,1.4330954715732824,2.4282647358353824,0.8848959541998219,247.73705852178756,220.1705337651274,1.009176692624442,0.0042969952293013,123.32161458333334,7.082854855601638,48.84948996319578,0.7538176783813656,249.99187269878516,266.88984020541005,0.9909804500736134,0.8249491010810849,1.2392665716320048,0.0212950138504155,118.035458317616,5.288493406652175,26.35545227791248,0.7412840479153899,1.050127698884087,0.0080673861188057,90.76824910668708,8.650647093540885,42.33825303741409,0.8738974279666485,236.25240311412173,210.2683807966573,1.113642900177134,0.0099549861495844,120.29605263157896,4.953474890256027,32.03206819801565,0.678967758677073,285.09264401486826,309.4807478294523,0.8286864220242758,0.6794231378571289
test_67_D.png,2873.9473684210525,2962.1052631578946,1498.6842105263158,2926.842105263158,0.5214723926380368,0.988095238095238,1.3245283039411018,0.0318739900738688,78.53339876910017,4.948819073524234,58.86846945297896,0.5832776935124725,1.120992057679138,0.0102832121421975,96.35967714814193,4.7654450736433125,20.580580312851527,0.6266477120559549,1.1854330882284914,0.0190118594182825,103.8778531649541,4.633976620779113,143.89953087752,0.6869062329745893,1.0661762928377707,0.0063553208679593,86.05773436360985,1.4109884616342496,3.55536551852707,0.4756325098364095,0.8852578909558365,0.0023216278085564,88.66296600877193,1.0516975054720656,0.0357770876399966,0.1910439384578965,-1.0,-1.0,0.872861909466717,0.0035708102493074,122.06477732793525,1.0819622672040536,0.6082085409367968,0.6073079710564873,261.59606609171016,280.83528243168047,-0.0038226874545178,-0.0035608061470811,1.2005929224870862,0.0153869459833795,86.12555243069505,7.688096969917532,7.991938100645201,0.5887491356810528,1.007039637466657,0.0061040416281932,97.40536051772524,11.565289473548155,42.96685897693271,0.619030059645591,189.96040015333872,164.34398413542962,1.0408542920353192,0.0098551958294859,118.17338727030167,1.630603346758096,4.969330511191822,0.6390863511963182,297.5773153038297,326.34123045331904,0.6383564552270627,0.5035955276234639
